﻿name,id,major,course level,first technical skill,second technical skill,first non-technical skill,second non-technicalskill
Emma,12345678,Computer Science,fundamental A,data visualization,machine learning,time management,Teamwork
Ethan,17852364,Electrical Engineering,application A,UI development,neural network,Teamwork,Technical report writing
Ava,19283746,Electrical Engineering,fundamental A,machine learning,data visualization,Teamwork,Time management
William,19827356,Computer Science,professional A,database,neural network,Leadership,Technical report writing
Sophia,18765432,Data Engineering,application A,machine learning,database,Technical report writing,Market analysis
James,14567890,Mechanical Engineering,fundamental B,python,data visualization,time management,Technical report writing
Isabella,10928374,Mechanical Engineering,professional A,neural network,UI development,Technical report writing,Leadership
Oliver,12348765,Data Engineering,professional A,UI development,neural network,Leadership,Requirement analysis
Mia,19827364,Computer Science,fundamental B,data visualization,signalology,time management,Market analysis
Benjamin,13456789,Electrical Engineering,application B,signalology,UI development,Technical report writing,Leadership
Charlotte,10293847,Data Engineering,application B,machine learning,database,Leadership,Technical report writing
Elijah,16789032,Electrical Engineering,fundamental B,machine learning,UI development,Market analysis,Teamwork
Amelia,19876543,Electrical Engineering,application B,database,machine learning,Technical report writing,time management
Lucas,14567893,Mechanical Engineering,application A,signalology,neural network,Teamwork,Requirement analysis
Harper,12378956,Computer Science,professional B,neural network,database,Leadership,Technical report writing
Alexander,18765439,Mechanical Engineering,fundamental A,data visualization,machine learning,time management,Market analysis
Evelyn,19827345,Mechanical Engineering,professional B,neural network,database,Technical report writing,Leadership
Jackson,19827654,Data Engineering,professional B,neural network,machine learning,Leadership,Market analysis
Abigail,14567891,Mechanical Engineering,application A,database,UI development,time management,Requirement analysis
Samuel,19827456,Electrical Engineering,application B,machine learning,database,Technical report writing,Teamwork
